診療科目,電話番号,医院名,午前始,午前終,午後始,午後終,休診日
根管治療,03-6280-7250,江戸川橋菊地歯科医院,9:30,13:00,14:00,18:00,水曜日、日曜日、祝祭日
根管治療,03-6304-1118,高橋歯科クリニック文京,9:30,13:00,14:30,19:00,水曜日、祝祭日
根管治療,03-6801-8602,デンタル文京白山,9:30,13:00,14:30,19:00,日曜日、祝祭日
根管治療,03-5977-1788,いちかわデンタルオフィス,10:00,13:00,14:30,18:30,水曜日、日曜日、祝祭日
根管治療,03-6240-0108,春日駅前デンタルクリニック,9:00,13:30,15:00,20:00,日曜日、祝祭日
インプラント治療,03-6304-1118,高橋歯科クリニック文京,9:30,13:00,14:30,19:00,木曜日、祝祭日
インプラント治療,03-5615-8415,フィックスデンタルクリニック,10:00,19:00,,,月曜日、祝祭日
インプラント治療,03-5809-0418,本駒込やまもと歯科,9:30,13:00,,,木曜日、日曜日、祝祭日
インプラント治療,03-6902-1847,片桐デンタルオフィス千石,9:30,13:30,15:00,19:30,第2・第4木曜、日曜日、祝祭日
インプラント治療,03-3868-2013,本駒込の文京シティ歯科,9:00,13:00,14:30,18:00,祝祭日
インプラント治療,03-5800-6480,かなデンタルクリニック,9:30,13:00,14:30,19:30,水曜日、日曜日、祝祭日
インプラント治療,03-5810-1570,おざわデンタルクリニック,10:00,13:00,15:00,20:00,木曜日、祝祭日
インプラント治療,03-3812-1155,平井歯科医院,9:30,12:00,14:00,18:00,日曜日、祝祭日
インプラント治療,03-3811-6480,豊田歯科・口腔外科,9:30,13:00,14:30,19:00,水曜日、日曜日、祝祭日
インプラント治療,03-6240-0318,このは歯科クリニック,9:00,13:00,14:00,18:00,木曜日、日曜日、祝祭日
根管治療,03-6303-2194,セレソ歯科クリニック中目黒,10:00,13:00,14:30,19:30,水曜日、祝祭日
根管治療,03-5734-1456,ノア歯科クリニック 中目黒,10:00,13:20,14:20,18:00,祝祭日
根管治療,03-6412-7616,もんでん歯科クリニック,10:00,13:30,15:00,19:30,日曜日、祝祭日
根管治療,03-3792-3300,浜中デンタルクリニック,9:30,12:00,14:00,19:00,木曜日、日曜日、祝祭日
根管治療,03-3724-1769,呂歯科診療所,9:30,12:30,14:00,18:00,木曜日、日曜日、祝祭日
根管治療,03-5935-8484,石橋デンタルクリニック大泉,9:30,13:00,14:30,19:30,日曜日、祝祭日
根管治療,03-6914-5906,練馬駅前歯科矯正歯科,10:00,14:00,15:00,19:00,
根管治療,03-5947-7464,わたなべ歯科医院,9:30,12:30,14:00,18:30,木曜日、日曜日、祝祭日
根管治療,03-3976-3355,松山歯科医院,9:00,13:00,14:00,18:00,日曜日、祝祭日
根管治療,03-5967-1812,平和台ファミリ-歯科,9:30,13:00,14:30,18:00,土曜日、日曜日、祝祭日